{"epoch": [1, 2, 3, 4, 5, 6, 7, 8, 9, 10, 11, 12, 13, 14, 15, 16, 17, 18, 19, 20, 21, 22, 23, 24, 25, 26, 27, 28, 29, 30, 31, 32, 33, 34, 35, 36, 37, 38, 39, 40], "trainLoss": [0.533585895330478, 0.33790246951274383, 0.256997701831353, 0.2123805691416447, 0.1858207379014064, 0.16509262453287077, 0.15489365790898985, 0.14141619530243751, 0.13039029905429253, 0.12067916492621104, 0.11701117140742448, 0.10720340544596696, 0.10130209217850979, 0.09747073254906215, 0.09344683864559883, 0.08926973081169984, 0.0859075634716413, 0.08370084181810036, 0.07991709311803182, 0.0776018670354134, 0.07481952059345368, 0.07202767642835776, 0.06992925474276909, 0.06837470523822002, 0.06570866818611439, 0.06430949366245514, 0.0637306469755295, 0.062326898177464805, 0.05952572755706616, 0.05699667009787682, 0.05630880871262306, 0.05520901599755654, 0.053545474815062985, 0.05172945821705537, 0.050048262310715824, 0.04891487948883038, 0.049654532701541215, 0.047463688330772594, 0.0470105704302207, 0.04581423743795126], "valLoss": [0.3223358869552612, 0.25148807764053344, 0.19873962104320525, 0.17953847646713256, 0.17160552740097046, 0.16392462849617004, 0.1625263586640358, 0.15612027496099473, 0.15266469717025757, 0.1515424832701683, 0.15505545884370803, 0.14738116413354874, 0.14557282328605653, 0.14462708234786986, 0.13941104859113693, 0.1443036437034607, 0.14060208350419998, 0.14310565143823623, 0.14398170709609986, 0.14434094727039337, 0.1507251128554344, 0.14794110357761384, 0.14743856638669967, 0.14856984615325927, 0.14881376773118973, 0.14981343299150468, 0.15728770792484284, 0.15370365083217621, 0.16178558468818666, 0.15503524094820023, 0.15348155051469803, 0.16063734889030457, 0.15935996919870377, 0.14954498857259751, 0.15859121233224868, 0.15715260207653045, 0.15760386288166045, 0.15928860157728195, 0.1575288876891136, 0.16431279331445695]}